,date,diamond price,inflation rate,interest rate,fed rate,gold price
0,2021-06-04,10385.16,2.4,-0.84,0.06,1890.97
1,2021-06-03,10385.16,2.42,-0.79,0.06,1871.36
2,2021-06-02,10378.43,2.44,-0.85,0.06,1907.75
3,2021-06-01,10376.1,2.46,-0.84,0.06,1900.49
4,2021-05-31,10368.67,,,0.05,1905.74
5,2021-05-30,10365.69,,,0.05,1909.29
6,2021-05-29,10367.29,,,0.05,
7,2021-05-28,10359.25,2.42,-0.84,0.05,1909.49
8,2021-05-27,10349.93,2.42,-0.81,0.06,1896.79
9,2021-05-26,10344.62,2.4,-0.82,0.06,1896.74
10,2021-05-25,10341.16,2.42,-0.86,0.06,1899.14
11,2021-05-24,10333.48,2.44,-0.83,0.06,1880.24
12,2021-05-23,10331.22,,,0.06,1881.3
13,2021-05-22,10337.47,,,0.06,
14,2021-05-21,10331.26,2.43,-0.8,0.06,1881.3
15,2021-05-20,10329.37,2.41,-0.78,0.06,1876.84
16,2021-05-19,10326.66,2.48,-0.8,0.06,1869.59
17,2021-05-18,10324.2,2.52,-0.88,0.06,1869.89
18,2021-05-17,10322.89,2.54,-0.9,0.06,1865.79
19,2021-05-16,10318.45,,,0.06,
20,2021-05-15,10315.46,,,0.06,
21,2021-05-14,10314.04,2.51,-0.88,0.06,1843.19
22,2021-05-13,10308.93,2.51,-0.85,0.06,1827.01
23,2021-05-12,10305.53,2.54,-0.85,0.06,1816.49
24,2021-05-11,10304.55,2.53,-0.89,0.06,1837.39
25,2021-05-10,10297.42,2.54,-0.91,0.06,1835.94
26,2021-05-09,10298.41,,,0.06,1840.69
27,2021-05-08,10299.44,,,0.06,1840.69
28,2021-05-07,10292.55,2.49,-0.89,0.06,1830.86
29,2021-05-06,10282.05,2.45,-0.87,0.06,1815.57
30,2021-05-05,10281.39,2.47,-0.88,0.06,1785.65
31,2021-05-04,10276.45,2.42,-0.81,0.06,1779.04
32,2021-05-03,10277.58,2.42,-0.79,0.06,1792.32
33,2021-05-02,10271.92,,,0.05,1787.05
34,2021-05-01,10266.48,,,0.05,1807.4
35,2021-04-30,10259.99,2.41,-0.76,0.05,1768.95
36,2021-04-29,10250.67,2.42,-0.77,0.06,1770.8
37,2021-04-28,10244.09,2.41,-0.78,0.07,1780.92
38,2021-04-27,10241.67,2.39,-0.76,0.07,1776.5
39,2021-04-26,10237.52,2.36,-0.78,0.07,1780.44
40,2021-04-25,10229.39,,,0.07,
41,2021-04-24,10228.12,,,0.07,
42,2021-04-23,10226.91,2.34,-0.76,0.07,1778.18
43,2021-04-22,10226.87,2.33,-0.76,0.07,1784.25
44,2021-04-21,10220.96,2.33,-0.76,0.07,1793.9
45,2021-04-20,10219.47,2.32,-0.74,0.07,1778.0
46,2021-04-19,10211.07,2.34,-0.73,0.07,1770.31
47,2021-04-18,10207.65,,,0.07,1779.5
48,2021-04-17,10203.66,,,0.07,1782.5
49,2021-04-16,10202.06,2.36,-0.77,0.07,1782.5
50,2021-04-15,10199.11,2.33,-0.77,0.07,1763.6
51,2021-04-14,10193.51,2.33,-0.69,0.07,1737.1
52,2021-04-13,10193.1,2.33,-0.69,0.07,1744.3
53,2021-04-12,10182.95,2.33,-0.64,0.07,1733.4
54,2021-04-11,10175.64,,,0.07,1744.1
55,2021-04-10,10175.67,,,0.07,1744.1
56,2021-04-09,10172.99,2.31,-0.64,0.07,1744.1
57,2021-04-08,10170.01,2.33,-0.69,0.07,1756.38
58,2021-04-07,10167.26,2.34,-0.66,0.07,1737.65
59,2021-04-06,10164.47,2.32,-0.65,0.07,1744.15
60,2021-04-05,10161.57,2.35,-0.62,0.07,1728.1
61,2021-04-04,10162.35,,,0.07,1729.8
62,2021-04-03,10156.21,,,0.07,
63,2021-04-02,10153.34,2.36,-0.64,0.07,1729.8
64,2021-04-01,10155.28,2.35,-0.66,0.07,1729.8
65,2021-03-31,10152.17,2.37,-0.63,0.06,1707.2
66,2021-03-30,10152.62,2.35,-0.62,0.07,1685.25
67,2021-03-29,10159.18,2.36,-0.63,0.07,1712.3
68,2021-03-28,10153.67,,,0.07,1720.5
69,2021-03-27,10150.17,,,0.07,
70,2021-03-26,10146.98,2.34,-0.67,0.07,1731.93
71,2021-03-25,10147.22,2.32,-0.69,0.07,1727.6
72,2021-03-24,10141.22,2.31,-0.69,0.07,1734.2
73,2021-03-23,10138.39,2.29,-0.66,0.07,1727.5
74,2021-03-22,10135.19,2.33,-0.64,0.07,1739.55
75,2021-03-21,10131.97,,,0.07,1739.9
76,2021-03-20,10127.09,,,0.07,1749.6
77,2021-03-19,10123.84,2.31,-0.57,0.07,1749.6
78,2021-03-18,10118.14,2.27,-0.56,0.07,1736.6
79,2021-03-17,10116.9,2.3,-0.67,0.07,1747.71
80,2021-03-16,10112.05,2.3,-0.68,0.07,1732.1
81,2021-03-15,10105.56,2.27,-0.65,0.07,1731.2
82,2021-03-14,10100.82,,,0.07,1726.85
83,2021-03-13,10097.9,,,0.07,
84,2021-03-12,10098.87,2.26,-0.62,0.07,1726.85
85,2021-03-11,10091.85,2.28,-0.74,0.07,1722.77
86,2021-03-10,10076.72,2.26,-0.73,0.07,1726.65
87,2021-03-09,10071.02,2.21,-0.66,0.07,1715.9
88,2021-03-08,10071.24,2.21,-0.62,0.07,1684.55
89,2021-03-07,10070.32,,,0.07,1700.8
90,2021-03-06,10070.34,,,0.07,1700.8
91,2021-03-05,10074.11,2.22,-0.66,0.07,1700.8
92,2021-03-04,10067.02,2.2,-0.66,0.07,1698.39
93,2021-03-03,10065.01,2.21,-0.74,0.07,1709.86
94,2021-03-02,10065.4,2.2,-0.78,0.07,1738.1
95,2021-03-01,10064.65,2.16,-0.71,0.07,1724.7
96,2021-02-28,10065.89,,,0.07,1734.4
97,2021-02-27,10064.5,,,0.07,
98,2021-02-26,10060.14,2.15,-0.71,0.07,1734.4
99,2021-02-25,10052.9,2.14,-0.6,0.07,1769.9
100,2021-02-24,10044.2,2.17,-0.79,0.07,1805.0
101,2021-02-23,10046.2,2.16,-0.79,0.07,1805.6
102,2021-02-22,10043.36,2.16,-0.79,0.07,1809.95
103,2021-02-21,10034.65,,,0.07,1794.4
104,2021-02-20,10031.81,,,0.07,
105,2021-02-19,10033.78,2.14,-0.8,0.07,1784.05
106,2021-02-18,10037.39,2.16,-0.87,0.07,1775.7
107,2021-02-17,10035.86,2.21,-0.92,0.08,1776.35
108,2021-02-16,10030.11,2.24,-0.94,0.08,1794.95
109,2021-02-15,10024.47,,,0.08,1818.85
110,2021-02-14,10014.51,,,0.08,1822.43
111,2021-02-13,10013.64,,,0.08,1822.43
112,2021-02-12,10012.5,2.21,-1.01,0.08,1822.43
113,2021-02-11,10006.63,2.2,-1.04,0.08,1826.5
114,2021-02-10,10003.54,2.21,-1.06,0.08,1843.4
115,2021-02-09,9994.95,2.22,-1.04,0.08,1838.95
116,2021-02-08,9989.18,2.22,-1.03,0.07,1831.26
117,2021-02-07,9978.76,,,0.08,1810.8
118,2021-02-06,9974.91,,,0.08,
119,2021-02-05,9967.93,2.21,-1.02,0.08,1810.8
120,2021-02-04,9962.4,2.17,-1.02,0.08,1794.0
121,2021-02-03,9955.06,2.19,-1.04,0.08,1833.85
122,2021-02-02,9952.17,2.15,-1.03,0.08,1837.9
123,2021-02-01,9950.1,2.11,-1.02,0.08,1860.0
124,2021-01-31,9942.39,,,0.07,1874.0
125,2021-01-30,9935.34,,,0.07,
126,2021-01-29,9931.86,2.13,-1.02,0.07,1847.76
127,2021-01-28,9928.98,2.13,-1.06,0.07,1842.9
128,2021-01-27,9926.88,2.08,-1.04,0.08,1844.91
129,2021-01-26,9922.93,2.08,-1.03,0.08,1850.8
130,2021-01-25,9919.07,2.08,-1.03,0.08,1855.9
131,2021-01-24,9914.68,,,0.08,1852.75
132,2021-01-23,9915.5,,,0.08,
133,2021-01-22,9911.89,2.09,-0.99,0.08,1855.9
134,2021-01-21,9909.56,2.1,-0.98,0.08,1869.65
135,2021-01-20,9904.69,2.12,-1.02,0.09,1870.53
136,2021-01-19,9900.91,2.1,-1.0,0.09,1840.3
137,2021-01-18,9893.67,,,0.09,1836.9
138,2021-01-17,9894.55,,,0.09,1827.5
139,2021-01-16,9892.7,,,0.09,
140,2021-01-15,9888.39,2.1,-0.99,0.09,1828.45
141,2021-01-14,9884.31,2.09,-0.94,0.09,1846.1
142,2021-01-13,9876.1,2.06,-0.96,0.09,1845.37
143,2021-01-12,9868.29,2.08,-0.93,0.09,1855.0
144,2021-01-11,9862.71,2.06,-0.91,0.09,1842.51
145,2021-01-10,9855.28,,,0.09,1848.88
146,2021-01-09,9851.34,,,0.09,
147,2021-01-08,9841.72,2.06,-0.93,0.09,1848.88
148,2021-01-07,9836.43,2.09,-1.01,0.09,1913.05
149,2021-01-06,9836.43,2.06,-1.02,0.09,1919.05
150,2021-01-05,9829.49,2.03,-1.07,0.09,1949.48
151,2021-01-04,9814.61,2.01,-1.08,0.09,1942.14
152,2021-01-03,9817.44,,,0.09,1898.66
153,2021-01-02,9813.46,,,0.09,
154,2021-01-01,9813.69,,,0.09,
155,2020-12-31,9812.21,1.99,-1.06,0.09,1897.7
156,2020-12-30,9812.21,1.96,-1.03,0.09,1894.7
157,2020-12-29,9813.69,1.96,-1.02,0.09,1877.89
158,2020-12-28,9802.3,1.97,-1.03,0.09,1873.45
159,2020-12-27,9802.94,,,0.09,1908.7
160,2020-12-26,9802.6,,,0.09,
161,2020-12-25,9801.17,,,0.09,1908.7
162,2020-12-24,9799.22,1.97,-1.03,0.09,1857.2
163,2020-12-23,9800.97,1.97,-1.01,0.09,1872.33
164,2020-12-22,9802.71,1.94,-1.01,0.09,1860.99
165,2020-12-21,9801.41,1.95,-1.0,0.09,1877.05
166,2020-12-20,9799.26,,,0.09,1867.47
167,2020-12-19,9797.04,,,0.09,
168,2020-12-18,9788.17,1.95,-1.0,0.09,1882.43
169,2020-12-17,9783.73,1.94,-1.0,0.09,1885.65
170,2020-12-16,9783.31,1.92,-1.0,0.09,1865.35
171,2020-12-15,9787.98,1.91,-0.99,0.09,1853.5
172,2020-12-14,9790.6,1.88,-0.98,0.09,1828.0
173,2020-12-13,9789.82,,,0.09,
174,2020-12-12,9788.01,,,0.09,
175,2020-12-11,9789.49,1.87,-0.97,0.09,1838.53
176,2020-12-10,9792.15,1.88,-0.96,0.09,1836.4
177,2020-12-09,9794.1,1.91,-0.96,0.09,1839.8
178,2020-12-08,9795.49,1.89,-0.97,0.09,1869.5
179,2020-12-07,9794.39,1.88,-0.94,0.09,1861.4
180,2020-12-06,9789.05,,,0.09,
181,2020-12-05,9786.78,,,0.09,
182,2020-12-04,9784.07,1.89,-0.92,0.09,1839.54
183,2020-12-03,9782.11,1.86,-0.94,0.09,1841.5
184,2020-12-02,9771.59,1.85,-0.9,0.09,1831.05
185,2020-12-01,9773.41,1.81,-0.89,0.09,1814.8
186,2020-11-30,9774.99,1.77,-0.93,0.09,1777.1
187,2020-11-29,9770.82,,,0.08,1789.8
188,2020-11-28,9767.2,,,0.08,
189,2020-11-27,9759.0,1.75,-0.91,0.08,1788.5
190,2020-11-26,9751.21,,,0.08,1811.38
191,2020-11-25,9751.4,1.75,-0.87,0.08,1807.6
192,2020-11-24,9757.11,1.74,-0.86,0.08,1807.41
193,2020-11-23,9758.71,1.71,-0.85,0.08,1838.33
194,2020-11-22,9757.19,,,0.08,1870.14
195,2020-11-21,9751.49,,,0.08,1870.14
196,2020-11-20,9753.91,1.69,-0.86,0.08,1870.14
197,2020-11-19,9751.6,1.7,-0.84,0.08,1867.05
198,2020-11-18,9746.67,1.7,-0.82,0.09,1873.3
199,2020-11-17,9747.36,1.7,-0.83,0.09,1879.1
200,2020-11-16,9749.29,1.72,-0.81,0.09,1888.53
201,2020-11-15,9740.07,,,0.09,
202,2020-11-14,9737.25,,,0.09,
203,2020-11-13,9734.21,1.72,-0.83,0.09,1890.41
204,2020-11-12,9730.68,1.71,-0.83,0.09,1878.0
205,2020-11-11,9732.91,,,0.09,1865.98
206,2020-11-10,9735.15,1.76,-0.78,0.09,1877.79
207,2020-11-09,9725.84,1.73,-0.77,0.09,1861.68
208,2020-11-08,9721.35,,,0.09,1958.2
209,2020-11-07,9721.33,,,0.09,
210,2020-11-06,9713.3,1.65,-0.82,0.09,1951.25
211,2020-11-05,9713.1,1.66,-0.87,0.09,1949.35
212,2020-11-04,9708.27,1.64,-0.86,0.09,1904.25
213,2020-11-03,9704.72,1.72,-0.82,0.09,1909.32
214,2020-11-02,9698.62,1.71,-0.84,0.09,1894.45
215,2020-11-01,9698.96,,,0.09,1878.95
216,2020-10-31,9689.93,,,0.09,1878.95
217,2020-10-30,9686.21,1.7,-0.82,0.09,1878.95
218,2020-10-29,9683.27,1.71,-0.86,0.09,1866.65
219,2020-10-28,9674.14,1.7,-0.91,0.09,1878.2
220,2020-10-27,9667.15,1.71,-0.92,0.09,1904.8
221,2020-10-26,9662.75,1.72,-0.91,0.09,1902.6
222,2020-10-25,9658.87,,,0.09,1896.65
223,2020-10-24,9655.51,,,0.09,
224,2020-10-23,9649.06,1.75,-0.9,0.09,1901.55
225,2020-10-22,9643.34,1.76,-0.89,0.09,1904.15
226,2020-10-21,9637.96,1.74,-0.91,0.09,1924.6
227,2020-10-20,9637.25,1.72,-0.91,0.09,1906.65
228,2020-10-19,9633.21,1.71,-0.93,0.09,1904.33
229,2020-10-18,9629.62,,,0.09,1899.4
230,2020-10-17,9621.39,,,0.09,
231,2020-10-16,9618.52,1.71,-0.95,0.09,1899.4
232,2020-10-15,9610.9,1.69,-0.95,0.09,1908.1
233,2020-10-14,9605.16,1.69,-0.96,0.09,1900.33
234,2020-10-13,9594.79,1.7,-0.96,0.09,1890.35
235,2020-10-12,9579.25,,,0.09,1922.94
236,2020-10-11,9563.9,,,0.09,1930.43
237,2020-10-10,9558.07,,,0.09,1930.43
238,2020-10-09,9551.08,1.73,-0.94,0.09,1930.43
239,2020-10-08,9547.61,1.72,-0.94,0.09,1893.95
240,2020-10-07,9545.14,1.71,-0.9,0.09,1887.3
241,2020-10-06,9539.48,1.66,-0.9,0.09,1878.3
242,2020-10-05,9534.51,1.68,-0.9,0.09,1913.45
243,2020-10-04,9528.85,,,0.09,1899.7
244,2020-10-03,9523.73,,,0.09,
245,2020-10-02,9517.39,1.64,-0.94,0.09,1899.7
246,2020-10-01,9516.35,1.63,-0.95,0.09,1906.0
247,2020-09-30,9512.68,1.63,-0.94,0.09,1885.95
248,2020-09-29,9513.91,1.64,-0.98,0.09,1897.81
249,2020-09-28,9509.9,1.61,-0.94,0.09,1880.98
250,2020-09-27,9505.65,,,0.09,1855.5
251,2020-09-26,9499.42,,,0.09,1861.05
252,2020-09-25,9491.32,1.58,-0.92,0.09,1861.05
253,2020-09-24,9491.85,1.58,-0.91,0.09,1868.69
254,2020-09-23,9487.61,1.6,-0.92,0.09,1863.4
255,2020-09-22,9487.04,1.62,-0.94,0.09,1900.2
256,2020-09-21,9480.65,1.62,-0.94,0.09,1912.35
257,2020-09-20,9475.6,,,0.09,1962.0
258,2020-09-19,9476.93,,,0.09,1962.0
259,2020-09-18,9472.45,1.67,-0.97,0.09,1951.33
260,2020-09-17,9467.78,1.66,-0.97,0.09,1944.98
261,2020-09-16,9461.64,1.68,-0.99,0.09,1959.75
262,2020-09-15,9458.68,1.67,-0.99,0.09,1953.88
263,2020-09-14,9458.68,1.65,-0.97,0.09,1956.7
264,2020-09-13,9451.8,,,0.09,1940.4
265,2020-09-12,9445.02,,,0.09,1940.4
266,2020-09-11,9440.84,1.65,-0.98,0.09,1940.4
267,2020-09-10,9435.34,1.69,-1.01,0.09,1946.35
268,2020-09-09,9434.94,1.71,-1.0,0.09,1946.5
269,2020-09-08,9432.4,1.68,-0.99,0.09,1931.35
270,2020-09-07,9429.71,,,0.09,1928.55
271,2020-09-06,9426.01,,,0.09,1933.83
272,2020-09-05,9419.89,,,0.09,
273,2020-09-04,9413.23,1.7,-0.98,0.09,1933.83
274,2020-09-03,9405.68,1.65,-1.02,0.09,1930.3
275,2020-09-02,9404.5,1.73,-1.07,0.09,1942.89
276,2020-09-01,9397.97,1.76,-1.08,0.09,1970.45
277,2020-08-31,9384.52,1.8,-1.08,0.09,1967.9
278,2020-08-30,9382.03,,,0.09,
279,2020-08-29,9377.2,,,0.09,1964.95
280,2020-08-28,9375.27,1.77,-1.03,0.09,1964.95
281,2020-08-27,9373.87,1.73,-0.99,0.08,1929.5
282,2020-08-26,9360.87,1.72,-1.03,0.09,1953.3
283,2020-08-25,9359.46,1.7,-1.01,0.09,1928.4
284,2020-08-24,9343.66,1.67,-1.02,0.09,1927.98
285,2020-08-23,9335.4,,,0.09,1947.5
286,2020-08-22,9330.36,,,0.09,
287,2020-08-21,9325.0,1.64,-1.0,0.09,1940.23
288,2020-08-20,9327.32,1.62,-0.97,0.09,1947.05
289,2020-08-19,9324.84,1.67,-0.99,0.09,1930.48
290,2020-08-18,9319.27,1.68,-1.01,0.09,2000.62
291,2020-08-17,9315.09,1.66,-0.97,0.1,1985.07
292,2020-08-16,9308.92,,,0.1,1947.04
293,2020-08-15,9304.38,,,0.1,1945.35
294,2020-08-14,9301.33,1.65,-0.94,0.1,1945.35
295,2020-08-13,9300.89,1.67,-0.96,0.1,1954.03
296,2020-08-12,9303.0,1.67,-0.98,0.1,1914.39
297,2020-08-11,9303.65,1.63,-0.99,0.1,1912.43
298,2020-08-10,9302.18,1.61,-1.02,0.1,2027.08
299,2020-08-09,9293.22,,,0.1,2035.99
300,2020-08-08,9291.25,,,0.1,2035.99
301,2020-08-07,9284.0,1.61,-1.04,0.1,2035.99
302,2020-08-06,9276.63,1.63,-1.08,0.1,2063.68
303,2020-08-05,9277.91,1.61,-1.06,0.1,2038.15
304,2020-08-04,9274.48,1.57,-1.05,0.1,2018.51
305,2020-08-03,9281.65,1.58,-1.02,0.1,1976.35
306,2020-08-02,9281.65,,,0.1,1975.9
307,2020-08-01,9295.29,,,0.1,1975.9
308,2020-07-31,9288.29,1.55,-1.0,0.1,1975.9
309,2020-07-30,9281.7,1.52,-0.97,0.1,1956.05
310,2020-07-29,9273.06,1.53,-0.95,0.1,1970.92
311,2020-07-28,9275.95,1.51,-0.92,0.1,1959.6
312,2020-07-27,9279.32,1.52,-0.9,0.1,1942.55
313,2020-07-26,9277.92,,,0.09,1901.65
314,2020-07-25,9279.18,,,0.09,1901.65
315,2020-07-24,9277.22,1.51,-0.92,0.09,1901.65
316,2020-07-23,9284.4,1.49,-0.9,0.09,1887.3
317,2020-07-22,9283.82,1.48,-0.88,0.09,1872.53
318,2020-07-21,9285.01,1.48,-0.87,0.1,1841.9
319,2020-07-20,9273.46,1.46,-0.84,0.1,1817.73
320,2020-07-19,9275.28,,,0.09,1809.9
321,2020-07-18,9278.93,,,0.09,1809.9
322,2020-07-17,9276.79,1.46,-0.82,0.09,1809.9
323,2020-07-16,9281.02,1.41,-0.79,0.1,1797.89
324,2020-07-15,9281.84,1.41,-0.77,0.1,1809.09
325,2020-07-14,9283.89,1.41,-0.78,0.09,1808.6
326,2020-07-13,9279.4,1.42,-0.78,0.09,1802.5
327,2020-07-12,9274.87,,,0.09,1799.3
328,2020-07-11,9272.28,,,0.09,1799.3
329,2020-07-10,9277.67,1.41,-0.76,0.09,1799.3
330,2020-07-09,9277.43,1.39,-0.77,0.09,1803.5
331,2020-07-08,9278.53,1.42,-0.75,0.09,1809.15
332,2020-07-07,9282.06,1.43,-0.78,0.09,1793.25
333,2020-07-06,9283.84,1.45,-0.76,0.09,1784.5
334,2020-07-05,9278.39,,,0.09,
335,2020-07-04,9276.46,,,0.09,1784.5
336,2020-07-03,9283.35,,,0.09,1774.91
337,2020-07-02,9281.9,1.41,-0.73,0.09,1773.03
338,2020-07-01,9287.89,1.37,-0.68,0.08,1769.99
339,2020-06-30,9296.15,1.34,-0.68,0.08,1779.55
340,2020-06-29,9303.69,1.34,-0.7,0.08,1770.4
341,2020-06-28,9308.3,,,0.08,1771.05
342,2020-06-27,9307.32,,,0.08,1771.05
343,2020-06-26,9308.38,1.32,-0.68,0.08,1771.05
344,2020-06-25,9311.19,1.33,-0.65,0.08,1762.14
345,2020-06-24,9319.21,1.33,-0.64,0.08,1762.6
346,2020-06-23,9327.81,1.38,-0.66,0.08,1769.1
347,2020-06-22,9332.95,1.34,-0.63,0.08,1754.7
348,2020-06-21,9333.95,,,0.09,1743.95
349,2020-06-20,9337.08,,,0.09,1743.95
350,2020-06-19,9332.38,1.3,-0.6,0.09,1743.95
351,2020-06-18,9331.32,1.28,-0.57,0.09,1721.95
352,2020-06-17,9337.31,1.26,-0.52,0.09,1726.63
353,2020-06-16,9341.82,1.27,-0.52,0.09,1728.57
354,2020-06-15,9341.68,1.23,-0.52,0.09,1725.75
355,2020-06-14,9344.27,,,0.08,1730.8
356,2020-06-13,9344.26,,,0.08,1730.8
357,2020-06-12,9340.76,1.21,-0.5,0.08,1730.8
358,2020-06-11,9347.43,1.21,-0.55,0.08,1726.3
359,2020-06-10,9370.58,1.27,-0.52,0.08,1737.07
360,2020-06-09,9370.45,1.26,-0.42,0.07,1714.5
361,2020-06-08,9372.33,1.28,-0.4,0.07,1698.51
362,2020-06-07,9370.03,,,0.07,1683.65
363,2020-06-06,9375.01,,,0.07,1683.65
364,2020-06-05,9388.86,1.27,-0.36,0.07,1683.65
365,2020-06-04,9380.21,1.22,-0.4,0.06,1713.39
366,2020-06-03,9368.34,1.21,-0.44,0.06,1698.1
367,2020-06-02,9375.56,1.18,-0.5,0.06,1727.99
368,2020-06-01,9376.03,1.18,-0.52,0.05,1739.98
369,2020-05-31,9386.6,,,0.05,
370,2020-05-30,9412.18,,,0.05,1730.35
371,2020-05-29,9411.74,1.15,-0.5,0.05,1730.35
372,2020-05-28,9405.87,1.18,-0.48,0.05,1720.05
373,2020-05-27,9408.61,1.14,-0.46,0.05,1708.8
374,2020-05-26,9405.21,1.13,-0.44,0.05,1711.78
375,2020-05-25,9405.4,,,0.05,1729.13
376,2020-05-24,9400.94,,,0.05,1736.69
377,2020-05-23,9401.26,,,0.05,1736.69
378,2020-05-22,9397.84,1.12,-0.46,0.05,1736.35
379,2020-05-21,9392.64,1.14,-0.46,0.05,1726.55
380,2020-05-20,9384.19,1.16,-0.48,0.05,1748.98
381,2020-05-19,9383.08,1.15,-0.45,0.05,1744.09
382,2020-05-18,9375.45,1.17,-0.44,0.05,1732.4
383,2020-05-17,9375.38,,,0.05,
384,2020-05-16,9363.32,,,0.05,1743.55
385,2020-05-15,9364.18,1.09,-0.45,0.05,1743.0
386,2020-05-14,9365.19,1.06,-0.43,0.05,1732.05
387,2020-05-13,9376.51,1.07,-0.43,0.05,1715.63
388,2020-05-12,9370.64,1.09,-0.4,0.05,1702.04
389,2020-05-11,9364.1,1.13,-0.4,0.05,1697.4
390,2020-05-10,9365.18,,,0.05,1702.65
391,2020-05-09,9369.24,,,0.05,1702.65
392,2020-05-08,9380.04,1.12,-0.43,0.05,1702.65
393,2020-05-07,9384.2,1.08,-0.45,0.05,1717.93
394,2020-05-06,9387.11,1.1,-0.38,0.05,1685.5
395,2020-05-05,9390.56,1.1,-0.44,0.05,1707.03
396,2020-05-04,9397.22,1.07,-0.43,0.05,1701.4
397,2020-05-03,9392.98,,,0.05,
398,2020-05-02,9397.02,,,0.05,
399,2020-05-01,9399.02,1.06,-0.42,0.05,1700.4
400,2020-04-30,9400.77,1.07,-0.43,0.05,1686.8
401,2020-04-29,9397.84,1.14,-0.51,0.04,1712.27
402,2020-04-28,9397.82,1.14,-0.52,0.04,1708.8
403,2020-04-27,9397.27,1.17,-0.5,0.04,1714.9
404,2020-04-26,9401.22,,,0.05,1734.41
405,2020-04-25,9404.44,,,0.05,
406,2020-04-24,9410.38,1.11,-0.51,0.05,1729.43
407,2020-04-23,9415.49,1.05,-0.44,0.04,1732.54
408,2020-04-22,9423.23,1.06,-0.43,0.05,1715.2
409,2020-04-21,9484.01,0.96,-0.38,0.05,1687.5
410,2020-04-20,9513.56,0.94,-0.31,0.05,1694.13
411,2020-04-19,9523.06,,,0.05,
412,2020-04-18,9527.48,,,0.05,
413,2020-04-17,9540.35,1.01,-0.36,0.05,1683.85
414,2020-04-16,9547.19,1.03,-0.42,0.05,1717.7
415,2020-04-15,9552.3,1.19,-0.56,0.05,1716.9
416,2020-04-14,9563.39,1.29,-0.53,0.05,1730.45
417,2020-04-13,9579.74,1.26,-0.5,0.05,1714.3
418,2020-04-12,9591.17,,,0.05,
419,2020-04-11,9586.8,,,0.05,
420,2020-04-10,9597.35,,,0.05,1696.9
421,2020-04-09,9599.88,1.23,-0.5,0.05,1683.89
422,2020-04-08,9599.67,1.19,-0.42,0.05,1646.0
423,2020-04-07,9593.05,1.17,-0.42,0.05,1648.96
424,2020-04-06,9591.16,1.14,-0.47,0.05,1664.7
425,2020-04-05,9594.34,,,0.05,1618.45
426,2020-04-04,9603.37,,,0.05,
427,2020-04-03,9601.75,1.08,-0.46,0.05,1618.45
428,2020-04-02,9608.49,1.03,-0.4,0.05,1614.3
429,2020-04-01,9611.54,0.91,-0.29,0.06,1595.05
430,2020-03-31,9612.0,0.87,-0.17,0.08,1571.0
431,2020-03-30,9609.78,0.95,-0.25,0.09,1623.58
432,2020-03-29,9607.45,,,0.1,1622.0
433,2020-03-28,9613.66,,,0.1,
434,2020-03-27,9609.65,0.94,-0.22,0.1,1623.5
435,2020-03-26,9615.15,1.07,-0.24,0.1,1631.8
436,2020-03-25,9617.54,1.07,-0.19,0.1,1611.8
437,2020-03-24,9621.26,0.97,-0.13,0.12,1630.65
438,2020-03-23,9623.12,0.8,-0.04,0.15,1566.05
439,2020-03-22,9622.71,,,0.15,1490.85
440,2020-03-21,9627.43,,,0.15,
441,2020-03-20,9641.16,0.75,0.17,0.15,1498.6
442,2020-03-19,9649.04,0.5,0.62,0.2,1467.4
443,2020-03-18,9658.41,0.63,0.55,0.25,1484.25
444,2020-03-17,9662.81,0.63,0.39,0.25,1537.15
445,2020-03-16,9672.38,0.73,0.0,0.25,1507.5
446,2020-03-15,9690.68,,,1.1,
447,2020-03-14,9695.47,,,1.1,
448,2020-03-13,9700.07,0.9,0.04,1.1,1529.3
449,2020-03-12,9706.94,0.92,-0.04,1.1,1574.8
450,2020-03-11,9706.52,0.96,-0.14,1.09,1638.35
451,2020-03-10,9712.17,1.0,-0.24,1.09,1653.8
452,2020-03-09,9717.43,0.99,-0.45,1.09,1673.6
453,2020-03-08,9717.56,,,1.09,1697.4
454,2020-03-07,9720.54,,,1.09,
455,2020-03-06,9728.24,1.31,-0.57,1.09,1673.75
456,2020-03-05,9725.68,1.4,-0.48,1.09,1672.28
457,2020-03-04,9727.49,1.46,-0.44,1.09,1636.85
458,2020-03-03,9735.76,1.45,-0.43,1.59,1640.95
459,2020-03-02,9743.2,1.41,-0.31,1.59,1589.8
460,2020-03-01,9746.04,,,1.58,
461,2020-02-29,9748.03,,,1.58,
462,2020-02-28,9753.36,1.41,-0.28,1.58,1585.85
463,2020-02-27,9747.38,1.53,-0.23,1.58,1645.3
464,2020-02-26,9758.61,1.54,-0.21,1.58,1640.9
465,2020-02-25,9766.9,1.53,-0.2,1.58,1634.95
466,2020-02-24,9771.57,1.59,-0.21,1.58,1659.35
467,2020-02-23,9770.55,,,1.58,1643.45
468,2020-02-22,9769.25,,,1.58,
469,2020-02-21,9769.36,1.61,-0.15,1.58,1643.45
470,2020-02-20,9765.71,1.63,-0.11,1.59,1619.75
471,2020-02-19,9762.87,1.65,-0.09,1.59,1611.35
472,2020-02-18,9757.1,1.65,-0.1,1.59,1601.6
473,2020-02-17,9759.69,,,1.58,1581.05
474,2020-02-16,9762.8,,,1.58,
475,2020-02-15,9759.0,,,1.58,
476,2020-02-14,9763.0,1.66,-0.07,1.58,1583.8
477,2020-02-13,9764.99,1.67,-0.06,1.58,1575.95
478,2020-02-12,9771.21,1.66,-0.04,1.58,1566.1
479,2020-02-11,9779.0,1.65,-0.06,1.58,1567.65
480,2020-02-10,9790.0,1.66,-0.1,1.58,1571.98
481,2020-02-09,9789.53,,,1.58,1574.85
482,2020-02-08,9783.01,,,1.58,
483,2020-02-07,9783.93,1.66,-0.07,1.58,1574.85
484,2020-02-06,9784.46,1.67,-0.02,1.59,1566.35
485,2020-02-05,9780.93,1.66,0.0,1.59,1556.0
486,2020-02-04,9783.4,1.64,-0.03,1.59,1549.45
487,2020-02-03,9781.56,1.63,-0.09,1.59,1576.95
488,2020-02-02,9779.85,,,1.59,1589.65
489,2020-02-01,9774.27,,,1.59,
490,2020-01-31,9773.72,1.65,-0.14,1.59,1589.65
491,2020-01-30,9771.98,1.64,-0.07,1.6,1574.45
492,2020-01-29,9780.12,1.64,-0.04,1.55,1577.03
493,2020-01-28,9793.02,1.65,0.0,1.55,1567.25
494,2020-01-27,9791.79,1.63,-0.02,1.55,1581.65
495,2020-01-26,9795.74,,,1.55,1571.85
496,2020-01-25,9791.68,,,1.55,
497,2020-01-24,9788.79,1.68,0.02,1.55,1571.85
498,2020-01-23,9789.45,1.7,0.04,1.55,1562.9
499,2020-01-22,9793.71,1.72,0.05,1.55,1558.65
500,2020-01-21,9791.9,1.74,0.04,1.55,1558.05
501,2020-01-20,9793.31,,,1.55,1560.55
502,2020-01-19,9800.97,,,1.55,1557.3
503,2020-01-18,9813.01,,,1.55,1557.3
504,2020-01-17,9817.21,1.75,0.09,1.55,1557.3
505,2020-01-16,9821.16,1.74,0.07,1.54,1552.65
506,2020-01-15,9816.17,1.75,0.04,1.54,1556.25
507,2020-01-14,9815.92,1.77,0.05,1.54,1546.55
508,2020-01-13,9815.88,1.77,0.08,1.54,1548.25
509,2020-01-12,9805.33,,,1.54,1562.34
510,2020-01-11,9803.97,,,1.54,
511,2020-01-10,9807.76,1.76,0.07,1.54,1562.34
512,2020-01-09,9806.99,1.74,0.11,1.55,1552.64
513,2020-01-08,9816.52,1.75,0.12,1.55,1556.55
514,2020-01-07,9812.78,1.74,0.09,1.55,1560.2
515,2020-01-06,9813.34,1.75,0.06,1.55,1565.93
516,2020-01-05,9808.43,,,1.55,
517,2020-01-04,9803.63,,,1.55,
518,2020-01-03,9804.4,1.77,0.03,1.55,1569.25
519,2020-01-02,9815.3,1.8,0.08,1.55,1528.85
520,2020-01-01,9814.93,,,1.55,
521,2019-12-31,9815.83,1.77,0.15,1.55,1517.25
522,2019-12-30,9815.44,1.75,0.15,1.55,1514.85
523,2019-12-29,9816.92,,,1.55,1450.45
524,2019-12-28,9813.94,,,1.55,
525,2019-12-27,9819.44,1.73,0.15,1.55,1511.25
526,2019-12-26,9820.67,1.74,0.16,1.55,1517.4
527,2019-12-25,9821.16,,,1.55,1503.3
528,2019-12-24,9821.64,1.75,0.15,1.55,1465.18
529,2019-12-23,9821.23,1.75,0.18,1.55,1485.45
530,2019-12-22,9819.5,,,1.55,1349.6
531,2019-12-21,9814.35,,,1.55,
532,2019-12-20,9811.11,1.77,0.15,1.55,1530.8
533,2019-12-19,9808.24,1.77,0.15,1.55,1479.1
534,2019-12-18,9814.19,1.76,0.16,1.55,1475.73
535,2019-12-17,9814.19,1.75,0.14,1.55,1476.33
536,2019-12-16,9815.85,1.73,0.16,1.56,1475.85
537,2019-12-15,9812.95,,,1.55,1530.4
538,2019-12-14,9812.67,,,1.55,
539,2019-12-13,9807.89,1.7,0.12,1.55,1530.8
540,2019-12-12,9804.82,1.72,0.18,1.55,1469.5
541,2019-12-11,9809.05,1.69,0.1,1.55,1474.6
542,2019-12-10,9808.79,1.71,0.14,1.55,1464.18
543,2019-12-09,9814.46,1.69,0.14,1.55,1461.45
544,2019-12-08,9808.39,,,1.55,1460.25
545,2019-12-07,9798.88,,,1.55,1460.25
546,2019-12-06,9801.09,1.69,0.15,1.55,1460.25
547,2019-12-05,9801.14,1.67,0.13,1.55,1448.4
548,2019-12-04,9791.77,1.66,0.11,1.55,1474.45
549,2019-12-03,9793.82,1.63,0.09,1.55,1477.6
550,2019-12-02,9795.45,1.65,0.18,1.56,1462.75
551,2019-12-01,9802.3,,,1.56,1469.4
552,2019-11-30,9811.52,,,1.56,
553,2019-11-29,9811.28,1.61,0.17,1.56,1530.58
554,2019-11-28,9807.35,,,1.55,1467.5
555,2019-11-27,9804.35,1.63,0.14,1.55,1454.63
556,2019-11-26,9807.03,1.62,0.12,1.55,1461.35
557,2019-11-25,9810.29,1.62,0.14,1.55,1455.43
558,2019-11-24,9816.93,,,1.55,1462.05
559,2019-11-23,9810.7,,,1.55,
560,2019-11-22,9821.05,1.62,0.15,1.55,1462.05
561,2019-11-21,9838.58,1.63,0.14,1.55,1464.35
562,2019-11-20,9873.72,1.6,0.13,1.55,1471.38
563,2019-11-19,9875.03,1.63,0.16,1.55,1472.55
564,2019-11-18,9877.57,1.63,0.18,1.55,1471.45
565,2019-11-17,9874.57,,,1.55,1466.55
566,2019-11-16,9876.79,,,1.55,
567,2019-11-15,9872.42,1.63,0.21,1.55,1466.55
568,2019-11-14,9872.63,1.62,0.2,1.55,1471.08
569,2019-11-13,9869.85,1.66,0.22,1.55,1463.38
570,2019-11-12,9868.86,1.7,0.22,1.55,1456.05
571,2019-11-11,9865.23,,,1.55,1455.75
572,2019-11-10,9860.47,,,1.55,1530.4
573,2019-11-09,9856.87,,,1.55,
574,2019-11-08,9858.45,1.71,0.23,1.55,1458.75
575,2019-11-07,9854.38,1.69,0.23,1.55,1468.85
576,2019-11-06,9857.0,1.66,0.15,1.55,1490.3
577,2019-11-05,9861.1,1.68,0.18,1.56,1483.78
578,2019-11-04,9867.6,1.64,0.15,1.56,1509.35
579,2019-11-03,9874.79,,,1.57,1513.95
580,2019-11-02,9865.83,,,1.57,
581,2019-11-01,9859.45,1.59,0.14,1.57,1513.95
582,2019-10-31,9864.12,1.54,0.15,1.58,1512.25
583,2019-10-30,9859.15,1.57,0.21,1.82,1495.6
584,2019-10-29,9858.14,1.61,0.23,1.82,1487.45
585,2019-10-28,9862.21,1.64,0.21,1.83,1492.1
586,2019-10-27,9862.04,,,1.83,1503.3
587,2019-10-26,9859.69,,,1.83,
588,2019-10-25,9859.72,1.65,0.15,1.83,1504.73
589,2019-10-24,9860.55,1.62,0.15,1.85,1503.65
590,2019-10-23,9863.33,1.61,0.16,1.85,1492.1
591,2019-10-22,9861.21,1.61,0.17,1.85,1494.55
592,2019-10-21,9860.6,1.61,0.19,1.85,1494.55
593,2019-10-20,9853.9,,,1.85,1497.55
594,2019-10-19,9856.92,,,1.85,
595,2019-10-18,9861.29,1.6,0.16,1.85,1497.55
596,2019-10-17,9858.65,1.59,0.17,1.85,1512.15
597,2019-10-16,9856.45,1.57,0.18,1.9,1493.45
598,2019-10-15,9855.96,1.56,0.21,1.9,1504.85
599,2019-10-14,9860.12,,,1.82,1492.98
600,2019-10-13,9859.55,,,1.82,1489.85
601,2019-10-12,9858.88,,,1.82,
602,2019-10-11,9853.38,1.56,0.2,1.82,1489.85
603,2019-10-10,9850.54,1.52,0.15,1.82,1494.25
604,2019-10-09,9858.68,1.49,0.1,1.82,1490.15
605,2019-10-08,9861.2,1.48,0.06,1.82,1505.48
606,2019-10-07,9865.71,1.51,0.05,1.82,1493.63
607,2019-10-06,9865.38,,,1.82,1520.55
608,2019-10-05,9866.6,,,1.82,
609,2019-10-04,9865.62,1.5,0.02,1.82,1520.55
610,2019-10-03,9860.74,1.48,0.06,1.83,1505.35
611,2019-10-02,9858.33,1.5,0.1,1.85,1499.5
612,2019-10-01,9855.94,1.52,0.13,1.88,1448.2
613,2019-09-30,9862.53,1.53,0.15,1.9,1472.25
614,2019-09-29,9868.45,,,1.83,1496.95
615,2019-09-28,9867.33,,,1.83,
616,2019-09-27,9863.58,1.53,0.16,1.83,1496.95
617,2019-09-26,9862.0,1.57,0.13,1.85,1492.15
618,2019-09-25,9861.05,1.6,0.13,1.9,1504.15
619,2019-09-24,9858.51,1.58,0.06,1.9,1531.65
620,2019-09-23,9850.1,1.61,0.11,1.9,1504.15
621,2019-09-22,9833.6,,,1.9,1517.15
622,2019-09-21,9791.67,,,1.9,
623,2019-09-20,9793.78,1.61,0.13,1.9,1517.15
624,2019-09-19,9797.85,1.61,0.18,1.9,1499.23
625,2019-09-18,9798.99,1.59,0.21,2.25,1494.13
626,2019-09-17,9806.37,1.66,0.15,2.3,1501.15
627,2019-09-16,9808.6,1.67,0.17,2.25,1498.63
628,2019-09-15,9809.68,,,2.14,
629,2019-09-14,9813.37,,,2.14,
630,2019-09-13,9809.67,1.67,0.23,2.14,1483.25
631,2019-09-12,9809.67,1.63,0.16,2.13,1499.15
632,2019-09-11,9811.68,1.6,0.15,2.13,1496.98
633,2019-09-10,9826.39,1.6,0.12,2.13,1485.65
634,2019-09-09,9832.49,1.57,0.06,2.13,1499.13
635,2019-09-08,9828.55,,,2.12,1502.15
636,2019-09-07,9828.93,,,2.12,
637,2019-09-06,9833.19,1.54,0.01,2.12,1502.15
638,2019-09-05,9834.67,1.56,0.01,2.13,1519.35
639,2019-09-04,9836.13,1.51,-0.04,2.13,1552.55
640,2019-09-03,9830.81,1.5,-0.03,2.13,1549.35
641,2019-09-02,9835.88,,,2.13,1529.85
642,2019-09-01,9835.81,,,2.13,1520.25
643,2019-08-31,9834.38,,,2.13,
644,2019-08-30,9835.97,1.55,-0.05,2.13,1520.25
645,2019-08-29,9835.03,1.59,-0.09,2.12,1503.2
646,2019-08-28,9836.84,1.55,-0.08,2.12,1538.95
647,2019-08-27,9842.34,1.55,-0.06,2.12,1542.55
648,2019-08-26,9844.56,1.54,0.0,2.12,1522.05
649,2019-08-25,9848.43,,,2.12,1481.15
650,2019-08-24,9852.86,,,2.12,
651,2019-08-23,9852.38,1.54,-0.02,2.12,1481.15
652,2019-08-22,9854.28,1.55,0.07,2.12,1481.15
653,2019-08-21,9856.62,1.54,0.05,2.12,1492.15
654,2019-08-20,9854.46,1.53,0.02,2.13,1507.55
655,2019-08-19,9860.76,1.56,0.04,2.13,1495.85
656,2019-08-18,9871.41,,,2.13,1514.15
657,2019-08-17,9878.62,,,2.13,
658,2019-08-16,9886.81,1.54,0.01,2.13,1514.15
659,2019-08-15,9896.52,1.54,-0.02,2.13,1515.15
660,2019-08-14,9893.48,1.57,0.02,2.12,1500.15
661,2019-08-13,9895.96,1.63,0.05,2.12,1475.15
662,2019-08-12,9900.1,1.61,0.04,2.12,1502.15
663,2019-08-11,9907.55,,,2.12,1495.25
664,2019-08-10,9909.26,,,2.12,
665,2019-08-09,9916.3,1.66,0.08,2.12,1495.25
666,2019-08-08,9921.01,1.65,0.07,2.12,1500.15
667,2019-08-07,9925.56,1.62,0.09,2.12,1501.45
668,2019-08-06,9927.51,1.62,0.11,2.13,1474.28
669,2019-08-05,9928.94,1.6,0.15,2.13,1453.75
670,2019-08-04,9932.32,,,2.14,1453.58
671,2019-08-03,9934.89,,,2.14,
672,2019-08-02,9943.0,1.66,0.2,2.14,1451.85
673,2019-08-01,9961.14,1.7,0.2,2.14,1450.15
674,2019-07-31,9965.5,1.76,0.26,2.4,1413.83
675,2019-07-30,9971.64,1.78,0.28,2.39,1430.65
676,2019-07-29,9978.29,1.77,0.29,2.4,1430.05
677,2019-07-28,9981.42,,,2.4,1418.65
678,2019-07-27,9990.12,,,2.4,
679,2019-07-26,9994.18,1.78,0.3,2.4,1418.65
680,2019-07-25,10003.59,1.8,0.28,2.4,1414.53
681,2019-07-24,10012.66,1.79,0.26,2.4,1425.58
682,2019-07-23,10016.73,1.81,0.27,2.4,1417.38
683,2019-07-22,10028.77,1.79,0.26,2.4,1425.13
684,2019-07-21,10032.66,,,2.41,1418.15
685,2019-07-20,10050.03,,,2.41,
686,2019-07-19,10055.29,1.8,0.25,2.41,1418.15
687,2019-07-18,10059.51,1.79,0.25,2.41,1445.95
688,2019-07-17,10058.9,1.75,0.31,2.41,1426.7
689,2019-07-16,10065.82,1.8,0.33,2.41,1406.33
690,2019-07-15,10067.6,1.77,0.32,2.4,1414.08
691,2019-07-14,10073.09,,,2.38,1426.85
692,2019-07-13,10068.81,,,2.38,
693,2019-07-12,10074.43,1.77,0.35,2.38,1426.85
694,2019-07-11,10103.14,1.77,0.36,2.4,1403.93
695,2019-07-10,10103.12,1.74,0.33,2.41,1378.25
696,2019-07-09,10108.33,1.71,0.36,2.41,1397.6
697,2019-07-08,10105.81,1.7,0.35,2.41,1395.5
698,2019-07-07,10113.72,,,2.42,1399.95
699,2019-07-06,10116.65,,,2.42,
700,2019-07-05,10118.12,1.69,0.35,2.42,1399.95
701,2019-07-04,10119.93,,,2.41,1417.7
702,2019-07-03,10125.53,1.65,0.31,2.41,1423.45
703,2019-07-02,10129.34,1.65,0.33,2.4,1423.35
704,2019-07-01,10138.82,1.69,0.34,2.39,1382.45
705,2019-06-30,10140.39,,,2.4,1409.5
706,2019-06-29,10139.78,,,2.4,
707,2019-06-28,10143.47,1.69,0.31,2.4,1409.5
708,2019-06-27,10141.03,1.68,0.33,2.38,1409.68
709,2019-06-26,10148.51,1.7,0.35,2.38,1407.45
710,2019-06-25,10165.67,1.67,0.33,2.38,1423.25
711,2019-06-24,10157.89,1.71,0.31,2.38,1419.55
712,2019-06-23,10158.76,,,2.38,1399.05
713,2019-06-22,10163.44,,,2.38,
714,2019-06-21,10167.82,1.73,0.34,2.38,1399.05
715,2019-06-20,10174.82,1.74,0.27,2.37,1388.18
716,2019-06-19,10171.44,1.67,0.36,2.37,1333.05
717,2019-06-18,10171.72,1.64,0.42,2.37,1346.48
718,2019-06-17,10169.74,1.61,0.48,2.38,1336.15
719,2019-06-16,10171.79,,,2.36,1333.05
720,2019-06-15,10175.77,,,2.36,
721,2019-06-14,10178.22,1.63,0.46,2.36,1333.05
722,2019-06-13,10183.34,1.68,0.42,2.37,1342.35
723,2019-06-12,10188.76,1.71,0.42,2.37,1333.55
724,2019-06-11,10192.18,1.72,0.43,2.37,1329.55
725,2019-06-10,10192.18,1.73,0.42,2.37,1328.13
726,2019-06-09,10192.18,,,2.37,1340.7
727,2019-06-08,10192.33,,,2.37,
728,2019-06-07,10193.49,1.74,0.35,2.37,1340.7
729,2019-06-06,10195.57,1.73,0.39,2.37,1335.6
730,2019-06-05,10200.69,1.75,0.37,2.38,1330.18
731,2019-06-04,10205.58,1.74,0.38,2.38,1325.28
732,2019-06-03,10198.76,1.73,0.34,2.38,1325.18
733,2019-06-02,10202.55,,,2.4,1305.65
734,2019-06-01,10208.45,,,2.4,
735,2019-05-31,10207.12,1.74,0.4,2.4,1305.65
736,2019-05-30,10212.14,1.74,0.48,2.39,1289.05
737,2019-05-29,10216.63,1.75,0.5,2.39,1292.85
738,2019-05-28,10221.64,1.73,0.53,2.39,1292.85
739,2019-05-27,10220.33,,,2.38,1285.2
740,2019-05-26,10229.72,,,2.38,1292.85
741,2019-05-25,10257.36,,,2.38,
742,2019-05-24,10256.45,1.76,0.56,2.38,1292.85
743,2019-05-23,10258.37,1.73,0.58,2.38,1283.45
744,2019-05-22,10283.12,1.79,0.6,2.38,1273.85
745,2019-05-21,10299.53,1.83,0.6,2.39,1269.15
746,2019-05-20,10312.92,1.81,0.6,2.39,1297.85
747,2019-05-19,10312.92,,,2.39,1277.55
748,2019-05-18,10318.74,,,2.39,
749,2019-05-17,10326.01,1.81,0.58,2.39,1277.55
750,2019-05-16,10328.62,1.84,0.56,2.39,1280.15
751,2019-05-15,10332.47,1.83,0.54,2.4,1307.35
752,2019-05-14,10330.86,1.86,0.56,2.38,1311.85
753,2019-05-13,10329.43,1.85,0.55,2.38,1300.05
754,2019-05-12,10330.71,,,2.38,1286.0
755,2019-05-11,10218.774,,,2.38,
756,2019-05-10,10218.609,1.88,0.59,2.38,1286.0
757,2019-05-09,10217.924,1.85,0.6,2.38,1284.13
758,2019-05-08,10221.822,1.87,0.62,2.39,1280.93
759,2019-05-07,10224.562,1.87,0.58,2.4,1288.85
760,2019-05-06,10231.468,1.91,0.6,2.4,1275.15
761,2019-05-05,10235.523,,,2.4,1276.65
762,2019-05-04,10233.991,,,2.4,
763,2019-05-03,10239.062,1.91,0.63,2.4,1276.65
764,2019-05-02,10240.287,1.89,0.66,2.41,1287.85
765,2019-05-01,10247.128,1.93,0.59,2.45,1276.68
766,2019-04-30,10249.521,1.95,0.56,2.45,1287.95
767,2019-04-29,10250.563,1.96,0.58,2.45,1288.05
768,2019-04-28,10250.479,,,2.44,1286.25
769,2019-04-27,10256.355,,,2.44,1286.25
770,2019-04-26,10256.231,1.97,0.54,2.44,1286.25
771,2019-04-25,10252.362,1.98,0.56,2.44,1277.35
772,2019-04-24,10252.891,1.96,0.57,2.44,1275.38
773,2019-04-23,10257.779,1.95,0.62,2.44,1265.65
774,2019-04-22,10264.377,1.95,0.64,2.44,1273.25
775,2019-04-21,10260.361,,,2.44,1274.1
776,2019-04-20,10263.589,,,2.44,
777,2019-04-19,10259.578,,,2.44,
778,2019-04-18,10258.304,1.95,0.62,2.43,1274.1
779,2019-04-17,10261.491,1.94,0.65,2.42,1274.13
780,2019-04-16,10263.366,1.96,0.64,2.41,1272.95
781,2019-04-15,10263.723,1.94,0.61,2.41,1273.15
782,2019-04-14,10269.652,,,2.41,1290.4
783,2019-04-13,10267.607,,,2.41,
784,2019-04-12,10264.797,1.95,0.61,2.41,1290.4
785,2019-04-11,10268.874,1.94,0.57,2.41,1288.75
786,2019-04-10,10268.731,1.94,0.54,2.41,1307.85
787,2019-04-09,10269.692,1.91,0.6,2.41,1303.88
788,2019-04-08,10272.026,1.91,0.61,2.41,1292.65
789,2019-04-07,10273.795,,,2.41,1290.15
790,2019-04-06,10276.099,,,2.41,
791,2019-04-05,10272.698,1.9,0.6,2.41,1290.15
792,2019-04-04,10273.404,1.9,0.61,2.41,1294.35
793,2019-04-03,10274.53,1.91,0.61,2.41,1289.95
794,2019-04-02,10274.444,1.9,0.58,2.41,1293.15
795,2019-04-01,10275.831,1.9,0.59,2.41,1285.15
796,2019-03-31,10276.613,,,2.43,1292.88
797,2019-03-30,10280.026,,,2.43,
798,2019-03-29,10275.763,1.88,0.53,2.43,1292.88
799,2019-03-28,10268.444,1.83,0.56,2.41,1291.2
800,2019-03-27,10258.229,1.84,0.55,2.41,1309.78
801,2019-03-26,10231.598,1.86,0.55,2.4,1316.38
802,2019-03-25,10232.821,1.88,0.55,2.4,1322.23
803,2019-03-24,10231.769,,,2.41,1313.08
804,2019-03-23,10233.174,,,2.41,
805,2019-03-22,10233.55,1.9,0.54,2.41,1313.23
806,2019-03-21,10231.129,1.96,0.58,2.41,1309.53
807,2019-03-20,10229.788,1.96,0.58,2.41,1314.13
808,2019-03-19,10234.641,1.95,0.66,2.4,1306.73
809,2019-03-18,10235.909,1.96,0.64,2.4,1303.53
810,2019-03-17,10235.684,,,2.4,1302.13
811,2019-03-16,10244.204,,,2.4,
812,2019-03-15,10259.911,1.94,0.65,2.4,1301.38
813,2019-03-14,10264.551,1.94,0.69,2.4,1296.53
814,2019-03-13,10278.512,1.92,0.69,2.4,1309.83
815,2019-03-12,10285.343,1.9,0.71,2.4,1301.08
816,2019-03-11,10283.069,1.91,0.73,2.4,1293.23
817,2019-03-10,10281.438,,,2.4,1296.68
818,2019-03-09,10279.822,,,2.4,
819,2019-03-08,10276.975,1.9,0.72,2.4,1299.28
820,2019-03-07,10277.017,1.9,0.74,2.4,1280.13
821,2019-03-06,10280.251,1.91,0.78,2.4,1286.58
822,2019-03-05,10284.649,1.93,0.79,2.4,1287.78
823,2019-03-04,10283.891,1.94,0.78,2.4,1291.88
824,2019-03-03,10283.443,,,2.4,1292.78
825,2019-03-02,10287.57,,,2.4,
826,2019-03-01,10290.061,1.96,0.8,2.4,1292.78
827,2019-02-28,10285.805,1.95,0.78,2.4,1313.58
828,2019-02-27,10284.917,1.93,0.76,2.4,1319.98
829,2019-02-26,10284.765,1.92,0.72,2.4,1328.93
830,2019-02-25,10281.568,1.92,0.75,2.4,1326.73
831,2019-02-24,10280.825,,,2.4,1327.63
832,2019-02-23,10277.781,,,2.4,
833,2019-02-22,10271.094,1.91,0.74,2.4,1327.63
834,2019-02-21,10270.659,1.91,0.78,2.4,1323.28
835,2019-02-20,10270.284,1.89,0.76,2.4,1336.73
836,2019-02-19,10272.666,1.87,0.78,2.4,1322.63
837,2019-02-18,10270.828,,,2.4,1336.88
838,2019-02-17,10273.483,,,2.4,1323.38
839,2019-02-16,10275.51,,,2.4,
840,2019-02-15,10273.15,1.86,0.8,2.4,1323.38
841,2019-02-14,10276.096,1.85,0.81,2.4,1305.93
842,2019-02-13,10273.457,1.86,0.85,2.4,1304.13
843,2019-02-12,10274.61,1.83,0.85,2.4,1310.73
844,2019-02-11,10280.774,1.82,0.83,2.4,1308.13
845,2019-02-10,10285.229,,,2.4,1314.93
846,2019-02-09,10285.951,,,2.4,
847,2019-02-08,10287.199,1.82,0.81,2.4,1314.93
848,2019-02-07,10290.677,1.84,0.81,2.4,1300.13
849,2019-02-06,10305.582,1.86,0.84,2.4,1306.58
850,2019-02-05,10342.955,1.87,0.84,2.4,1322.38
851,2019-02-04,10343.886,1.87,0.86,2.4,1310.13
852,2019-02-03,10346.007,,,2.4,1318.63
853,2019-02-02,10345.328,,,2.4,
854,2019-02-01,10345.188,1.88,0.82,2.4,1318.63
855,2019-01-31,10345.366,1.85,0.78,2.4,1321.03
856,2019-01-30,10347.995,1.84,0.86,2.4,1319.78
857,2019-01-29,10349.079,1.78,0.94,2.4,1312.18
858,2019-01-28,10349.156,1.78,0.97,2.4,1303.58
859,2019-01-27,10353.446,,,2.4,1309.88
860,2019-01-26,10355.479,,,2.4,
861,2019-01-25,10356.659,1.79,0.97,2.4,1309.88
862,2019-01-24,10354.47,1.77,0.95,2.4,1281.13
863,2019-01-23,10358.923,1.8,0.96,2.4,1282.73
864,2019-01-22,10357.755,1.79,0.95,2.4,1285.18
865,2019-01-21,10358.369,,,2.4,1276.03
866,2019-01-20,10345.576,,,2.4,1281.23
867,2019-01-19,10316.238,,,2.4,
868,2019-01-18,10316.527,1.83,0.96,2.4,1281.23
869,2019-01-17,10324.317,1.79,0.96,2.4,1291.95
870,2019-01-16,10328.404,1.82,0.91,2.4,1293.55
871,2019-01-15,10325.792,1.81,0.91,2.4,1276.25
872,2019-01-14,10324.351,1.81,0.9,2.4,1291.55
873,2019-01-13,10328.215,,,2.4,1291.75
874,2019-01-12,10331.423,,,2.4,
875,2019-01-11,10331.534,1.83,0.88,2.4,1287.55
876,2019-01-10,10343.876,1.81,0.93,2.4,1286.25
877,2019-01-09,10344.798,1.83,0.91,2.4,1293.95
878,2019-01-08,10349.276,1.82,0.91,2.4,1285.55
879,2019-01-07,10357.868,1.78,0.92,2.4,1289.55
880,2019-01-06,10359.125,,,2.4,1284.95
881,2019-01-05,10359.831,,,2.4,
882,2019-01-04,10363.847,1.76,0.91,2.4,1284.95
883,2019-01-03,10366.896,1.68,0.88,2.4,1294.05
884,2019-01-02,10371.661,1.7,0.96,2.4,1284.55
885,2019-01-01,10376.469,,,2.4,
886,2018-12-31,10372.095,1.71,0.98,2.4,1279.45
887,2018-12-30,10373.83,,,2.4,1280.75
888,2018-12-29,10377.801,,,2.4,
889,2018-12-28,10381.911,1.73,0.99,2.4,1280.75
890,2018-12-27,10380.702,1.74,1.03,2.4,1275.75
891,2018-12-26,10384.58,1.77,1.04,2.4,1267.05
892,2018-12-25,10388.461,,,2.4,1270.23
893,2018-12-24,10400.319,1.75,0.99,2.4,1269.13
894,2018-12-23,10425.342,,,2.4,1251.98
895,2018-12-22,10429.375,,,2.4,
896,2018-12-21,10429.275,1.77,1.02,2.4,1251.98
897,2018-12-20,10429.263,1.76,1.03,2.4,1266.88
898,2018-12-19,10432.186,1.8,0.97,2.2,1243.13
899,2018-12-18,10436.401,1.81,1.01,2.2,1249.33
900,2018-12-17,10440.119,1.81,1.05,2.2,1245.88
901,2018-12-16,10440.078,,,2.19,1238.43
902,2018-12-15,10438.97,,,2.19,
903,2018-12-14,10438.659,1.82,1.07,2.19,1238.43
904,2018-12-13,10447.627,1.83,1.08,2.19,1241.88
905,2018-12-12,10478.723,1.83,1.08,2.19,1239.83
906,2018-12-11,10483.263,1.83,1.06,2.19,1242.53
907,2018-12-10,10489.133,1.86,0.99,2.2,1244.33
908,2018-12-09,10492.864,,,2.19,1248.68
909,2018-12-08,10493.833,,,2.19,
910,2018-12-07,10491.555,1.89,0.96,2.19,1248.68
911,2018-12-06,10486.94,1.9,0.97,2.2,1238.18
912,2018-12-05,10493.556,,,2.2,1232.83
913,2018-12-04,10492.671,1.94,0.97,2.2,1238.63
914,2018-12-03,10494.246,1.96,1.02,2.19,1237.38
915,2018-12-02,10486.453,,,2.2,1218.98
916,2018-12-01,10482.812,,,2.2,
917,2018-11-30,10487.83,1.97,1.04,2.2,1218.98
918,2018-11-29,10505.079,1.98,1.05,2.2,1224.48
919,2018-11-28,10506.118,1.94,1.12,2.2,1221.18
920,2018-11-27,10514.288,1.91,1.15,2.2,1231.88
921,2018-11-26,10519.609,1.96,1.11,2.2,1231.88
922,2018-11-25,10528.483,,,2.2,1227.63
923,2018-11-24,10529.561,,,2.2,
924,2018-11-23,10532.143,1.96,1.09,2.2,1227.63
925,2018-11-22,10538.411,,,2.2,1229.5
926,2018-11-21,10559.214,1.97,1.09,2.2,1226.08
927,2018-11-20,10625.005,1.97,1.09,2.2,1221.58
928,2018-11-19,10701.701,1.99,1.07,2.2,1233.88
929,2018-11-18,10694.498,,,2.2,1221.23
930,2018-11-17,10691.357,,,2.2,
931,2018-11-16,10684.675,2.02,1.06,2.2,1221.23
932,2018-11-15,10682.034,2.0,1.11,2.2,1213.38
933,2018-11-14,10683.533,2.0,1.12,2.2,1214.73
934,2018-11-13,10680.741,2.02,1.12,2.2,1202.38
935,2018-11-12,10682.5,,,2.19,1200.13
936,2018-11-11,10676.373,,,2.19,1209.73
937,2018-11-10,10677.559,,,2.19,
938,2018-11-09,10676.153,2.04,1.15,2.19,1209.73
939,2018-11-08,10675.213,2.07,1.17,2.2,1223.68
940,2018-11-07,10672.938,2.07,1.15,2.2,1224.83
941,2018-11-06,10670.088,2.07,1.15,2.2,1226.98
942,2018-11-05,10663.515,2.06,1.14,2.2,1231.63
943,2018-11-04,10658.082,,,2.19,1246.88
944,2018-11-03,10652.9,,,2.19,
945,2018-11-02,10646.58,2.06,1.16,2.19,1233.08
946,2018-11-01,10643.252,2.02,1.12,2.2,1234.13
947,2018-10-31,10646.195,2.05,1.1,2.2,1215.33
948,2018-10-30,10653.903,2.05,1.07,2.2,1222.73
949,2018-10-29,10665.223,2.06,1.02,2.2,1230.18
950,2018-10-28,10668.262,,,2.2,1233.48
951,2018-10-27,10673.173,,,2.2,
952,2018-10-26,10664.551,2.06,1.02,2.2,1223.53
953,2018-10-25,10641.012,2.05,1.09,2.2,1223.53
954,2018-10-24,10594.766,2.07,1.03,2.2,1234.68
955,2018-10-23,10604.476,2.09,1.08,2.2,1241.88
956,2018-10-22,10617.42,2.11,1.09,2.19,1223.53
957,2018-10-21,10635.717,,,2.19,1226.88
958,2018-10-20,10633.315,,,2.19,
959,2018-10-19,10629.771,2.11,1.09,2.19,1226.88
960,2018-10-18,10632.283,2.1,1.07,2.19,1230.18
961,2018-10-17,10632.257,2.13,1.06,2.19,1221.33
962,2018-10-16,10638.37,2.13,1.03,2.18,1224.43
963,2018-10-15,10644.102,2.13,1.03,2.18,1234.88
964,2018-10-14,10627.338,,,2.18,1217.93
965,2018-10-13,10584.027,,,2.18,
966,2018-10-12,10581.718,2.12,1.03,2.18,1217.93
967,2018-10-11,10588.148,2.12,1.02,2.18,1227.88
968,2018-10-10,10596.951,2.16,1.06,2.18,1194.33
969,2018-10-09,10606.39,2.17,1.04,2.18,1177.63
970,2018-10-08,10613.26,,,2.18,1196.88
971,2018-10-07,10612.327,,,2.18,1202.88
972,2018-10-06,10605.115,,,2.18,
973,2018-10-05,10606.442,2.16,1.07,2.18,1202.88
974,2018-10-04,10606.137,2.16,1.03,2.18,1199.68
975,2018-10-03,10606.032,2.16,0.99,2.18,1197.18
976,2018-10-02,10607.256,2.12,0.93,2.18,1180.13
977,2018-10-01,10600.555,2.14,0.95,2.18,1212.88
978,2018-09-30,10586.36,,,2.18,1188.38
979,2018-09-29,10589.485,,,2.18,
980,2018-09-28,10588.742,2.14,0.91,2.18,1188.38
981,2018-09-27,10587.29,2.15,0.91,2.18,1181.33
982,2018-09-26,10582.475,2.14,0.92,1.93,1200.88
983,2018-09-25,10585.804,2.16,0.94,1.93,1201.33
984,2018-09-24,10587.207,2.16,0.92,1.93,1195.23
985,2018-09-23,10582.026,,,1.92,1199.63
986,2018-09-22,10575.524,,,1.92,
987,2018-09-21,10571.95,2.15,0.92,1.92,1199.63
988,2018-09-20,10589.835,2.15,0.92,1.92,1207.18
989,2018-09-19,10594.739,2.15,0.93,1.92,1203.98
990,2018-09-18,10597.367,2.13,0.92,1.92,1195.63
991,2018-09-17,10602.304,2.1,0.89,1.92,1200.93
992,2018-09-16,10610.859,,,1.92,1193.73
993,2018-09-15,10620.552,,,1.92,
994,2018-09-14,10617.123,2.1,0.89,1.92,1193.73
995,2018-09-13,10613.55,2.1,0.87,1.92,1201.58
996,2018-09-12,10618.974,2.12,0.85,1.92,1205.98
997,2018-09-11,10635.248,2.12,0.86,1.92,1198.78
998,2018-09-10,10632.653,2.1,0.84,1.92,1195.93
999,2018-09-09,10630.313,,,1.92,1192.83
1000,2018-09-08,10631.342,,,1.92,
1001,2018-09-07,10628.701,2.1,0.84,1.92,1192.83
1002,2018-09-06,10630.79,2.08,0.8,1.92,1200.28
1003,2018-09-05,10633.912,2.09,0.81,1.92,1201.88
1004,2018-09-04,10634.374,2.1,0.8,1.92,1191.13
1005,2018-09-03,10640.035,,,1.91,1201.15
1006,2018-09-02,10643.894,,,1.91,1204.53
1007,2018-09-01,10646.879,,,1.91,
1008,2018-08-31,10645.295,2.08,0.78,1.91,1204.53
1009,2018-08-30,10646.805,2.1,0.76,1.92,1199.53
1010,2018-08-29,10650.376,2.12,0.77,1.92,1196.63
1011,2018-08-28,10665.563,2.11,0.77,1.92,1221.38
1012,2018-08-27,10716.892,2.11,0.74,1.92,1214.78
1013,2018-08-26,10721.17,,,1.92,1206.18
1014,2018-08-25,10718.875,,,1.92,
1015,2018-08-24,10711.801,2.09,0.73,1.92,1206.18
1016,2018-08-23,10709.513,2.09,0.73,1.92,1183.13
1017,2018-08-22,10752.646,2.08,0.74,1.92,1195.53
1018,2018-08-21,10758.255,2.08,0.77,1.92,1196.13
1019,2018-08-20,10758.361,2.07,0.75,1.92,1191.88
1020,2018-08-19,10772.129,,,1.92,1188.88
1021,2018-08-18,10769.072,,,1.92,
1022,2018-08-17,10769.229,2.08,0.79,1.92,1188.88
1023,2018-08-16,10773.372,2.08,0.79,1.92,1186.88
1024,2018-08-15,10767.648,2.08,0.78,1.91,1170.13
1025,2018-08-14,10773.519,2.09,0.8,1.91,1191.13
1026,2018-08-13,10772.572,2.1,0.78,1.91,1188.13
1027,2018-08-12,10777.116,,,1.91,1211.73
1028,2018-08-11,10778.353,,,1.91,
1029,2018-08-10,10768.113,2.09,0.78,1.91,1211.73
1030,2018-08-09,10765.371,2.11,0.82,1.91,1212.28
1031,2018-08-08,10769.62,2.11,0.85,1.91,1223.88
1032,2018-08-07,10773.713,2.13,0.85,1.91,1197.83
1033,2018-08-06,10775.254,2.11,0.83,1.91,1203.33
1034,2018-08-05,10774.794,,,1.91,1213.43
1035,2018-08-04,10769.284,,,1.91,
1036,2018-08-03,10764.475,2.12,0.83,1.91,1213.43
1037,2018-08-02,10760.829,2.12,0.86,1.91,1207.98
1038,2018-08-01,10756.781,2.13,0.87,1.91,1224.88
1039,2018-07-31,10740.532,2.12,0.84,1.91,1220.18
1040,2018-07-30,10742.954,2.13,0.85,1.91,1226.88
1041,2018-07-29,10745.638,,,1.91,1223.38
1042,2018-07-28,10742.262,,,1.91,
1043,2018-07-27,10741.911,2.12,0.84,1.91,1223.38
1044,2018-07-26,10755.729,2.11,0.87,1.91,1222.98
1045,2018-07-25,10804.857,2.13,0.81,1.91,1227.83
1046,2018-07-24,10793.602,2.11,0.84,1.91,1224.58
1047,2018-07-23,10774.111,2.11,0.85,1.91,1238.88
1048,2018-07-22,10674.863,,,1.91,1233.88
1049,2018-07-21,10674.255,,,1.91,
1050,2018-07-20,10666.1,2.11,0.78,1.91,1232.08
1051,2018-07-19,10663.921,2.09,0.75,1.91,1222.83
1052,2018-07-18,10657.419,2.09,0.79,1.91,1227.63
1053,2018-07-17,10658.19,2.09,0.77,1.91,1226.23
1054,2018-07-16,10657.638,2.1,0.75,1.91,1238.13
1055,2018-07-15,10669.487,,,1.91,1238.03
1056,2018-07-14,10684.853,,,1.91,
1057,2018-07-13,10691.104,2.11,0.72,1.91,1238.03
1058,2018-07-12,10689.325,2.1,0.75,1.91,1247.03
1059,2018-07-11,10690.246,2.11,0.74,1.91,1242.18
1060,2018-07-10,10692.639,2.13,0.74,1.91,1257.68
1061,2018-07-09,10702.415,2.13,0.73,1.91,1257.78
1062,2018-07-08,10726.659,,,1.91,1237.73
1063,2018-07-07,10728.682,,,1.91,
1064,2018-07-06,10718.032,2.12,0.7,1.91,1254.73
1065,2018-07-05,10712.856,2.13,0.71,1.91,1237.73
1066,2018-07-04,10710.898,,,1.91,1240.1
1067,2018-07-03,10715.123,2.12,0.71,1.91,1237.73
1068,2018-07-02,10719.893,2.14,0.73,1.91,1237.73
1069,2018-07-01,10712.787,,,1.91,1237.73
1070,2018-06-30,10711.909,,,1.91,
1071,2018-06-29,10701.819,2.11,0.74,1.91,1253.18
1072,2018-06-28,10673.499,2.1,0.74,1.91,1248.28
1073,2018-06-27,10673.174,2.11,0.72,1.91,1252.03
1074,2018-06-26,10676.309,2.12,0.76,1.92,1251.13
1075,2018-06-25,10681.149,2.1,0.77,1.92,1255.13
1076,2018-06-24,10671.438,,,1.92,1271.88
1077,2018-06-23,10623.656,,,1.92,
1078,2018-06-22,10604.346,2.12,0.78,1.92,1269.63
1079,2018-06-21,10573.854,2.11,0.79,1.92,1267.73
1080,2018-06-20,10572.109,2.12,0.81,1.92,1277.5
1081,2018-06-19,10574.323,2.12,0.77,1.91,1274.78
1082,2018-06-18,10569.9,2.12,0.8,1.9,1275.5
1083,2018-06-17,10566.693,,,1.9,1280.53
1084,2018-06-16,10565.036,,,1.9,
1085,2018-06-15,10569.451,2.12,0.81,1.9,1280.53
1086,2018-06-14,10566.076,2.12,0.82,1.9,1292.13
1087,2018-06-13,10561.495,2.12,0.86,1.7,1299.73
1088,2018-06-12,10561.272,2.13,0.83,1.7,1300.6
1089,2018-06-11,10562.193,2.13,0.83,1.7,1300.13
1090,2018-06-10,10556.075,,,1.7,1299.88
1091,2018-06-09,10560.858,,,1.7,
1092,2018-06-08,10564.61,2.11,0.82,1.7,1329.58
1093,2018-06-07,10563.505,2.13,0.8,1.7,1297.13
1094,2018-06-06,10568.984,2.14,0.83,1.7,1294.0
1095,2018-06-05,10564.069,2.13,0.79,1.7,1296.13
1096,2018-06-04,10550.13,2.12,0.82,1.7,1291.98
1097,2018-06-03,10547.103,,,1.7,1293.13
1098,2018-06-02,10543.025,,,1.7,
1099,2018-06-01,10538.838,2.09,0.8,1.7,1293.13
1100,2018-05-31,10083.73,2.07,0.76,1.7,1298.33
1101,2018-05-30,10083.9,2.06,0.78,1.7,1309.88
1102,2018-05-29,10106.18,2.04,0.73,1.7,1299.0
1103,2018-05-28,10111.69,,,1.7,1298.1
1104,2018-05-27,10118.63,,,1.7,1301.58
1105,2018-05-26,10112.36,,,1.7,
1106,2018-05-25,10114.38,2.09,0.84,1.7,1301.58
1107,2018-05-24,10120.91,2.12,0.86,1.7,1304.88
1108,2018-05-23,10108.78,2.14,0.87,1.7,1293.13
1109,2018-05-22,10107.35,2.15,0.91,1.7,1291.33
1110,2018-05-21,10105.5,2.16,0.9,1.7,1294.68
1111,2018-05-20,10105.86,,,1.7,1329.85
1112,2018-05-19,10106.47,,,1.7,
1113,2018-05-18,10107.98,2.15,0.91,1.7,1329.85
1114,2018-05-17,10111.34,2.16,0.95,1.7,1287.5
1115,2018-05-16,10088.98,2.17,0.92,1.7,1297.4
1116,2018-05-15,10085.07,2.18,0.9,1.7,1293.88
1117,2018-05-14,10061.15,2.15,0.85,1.7,1312.83
1118,2018-05-13,10064.73,,,1.7,1321.85
1119,2018-05-12,10059.69,,,1.7,
1120,2018-05-11,10058.4,2.15,0.82,1.7,1321.85
1121,2018-05-10,10057.48,2.17,0.8,1.7,1321.25
1122,2018-05-09,10055.51,2.18,0.82,1.7,1312.63
1123,2018-05-08,10048.4,2.16,0.81,1.7,1315.7
1124,2018-05-07,10041.23,2.17,0.78,1.7,1316.4
1125,2018-05-06,10050.58,,,1.7,1309.5
1126,2018-05-05,10048.61,,,1.7,
1127,2018-05-04,10048.29,2.16,0.79,1.7,1315.05
1128,2018-05-03,10046.02,2.16,0.78,1.7,1312.23
1129,2018-05-02,10047.16,2.17,0.8,1.7,1302.13
1130,2018-05-01,10050.07,2.16,0.81,1.7,1300.58
1131,2018-04-30,10038.62,2.17,0.78,1.69,1315.38
1132,2018-04-29,10032.95,,,1.7,1322.8
1133,2018-04-28,10030.58,,,1.7,
